name,occupation
Ral, Master
Olwen Brevetor, Systems Administrator IV
Nadia Dunseath, Clinical Specialist
Cornie Gartery, Associate Professor
Jessey Vaun, Quality Engineer
Robina Allcorn, Chemical Engineer
Anthony Steere, Database Administrator I
Benson Tregidgo, Cost Accountant
Dode Cryer, Product Engineer
Bill MacUchadair, Junior Executive
Olav Osbaldeston, Geological Engineer
Marys Spillane, Senior Financial Analyst
Shani Yandell, Actuary
Marleen Winders, Senior Editor
Mae Nowak, Internal Auditor
Lauren Pleace, Programmer Analyst II
Darryl Foye, Automation Specialist IV
Page Simpkins, Business Systems Development Analyst
Grantham Saynor, Editor
Timotheus Butter, Senior Financial Analyst
Marcelle Pughsley, VP Accounting
Clara Whitmell, Structural Engineer
Skippie Meadley, Developer I
Ailis Devonshire, Staff Accountant II
Kain Cowitz, Professor
Carine Skerritt, Associate Professor
Walden Bere, Editor
Cherilynn Cunningham, Recruiting Manager
Felix Swetmore, Senior Cost Accountant
Carri Mallion, Cost Accountant
Myrwyn Muddle, Occupational Therapist
Berrie Persent, Staff Scientist
Rene Antosch, Payment Adjustment Coordinator
Gale Farrants, Assistant Professor
Gaultiero Fronks, Assistant Manager
Madel Coughlan, VP Accounting
Roderich Trumpeter, Physical Therapy Assistant
Odo Hedde, Junior Executive
Bryant Grayling, Registered Nurse
Standford Kwiek, Tax Accountant
Lorenza Towell, Programmer Analyst IV
Zulema Gronno, Account Coordinator
Rees Rosenfelder, Mechanical Systems Engineer
Lorinda Brumwell, Senior Sales Associate
Maddie Barrett, Health Coach III
Leone Acey, Help Desk Operator
Keeley Schult, Programmer Analyst IV
Inesita Turfs, Cost Accountant
Lira Licciardiello, Marketing Manager
Padraig Burtonshaw, VP Quality Control
Belinda Dishman, Operator
Meta Balharry, Professor
Patty Dunphie, Social Worker
Devora Clubbe, Account Representative IV
Garwin Pattinson, Account Executive
Audra Moxon, Analog Circuit Design manager
Kassi Turmell, Design Engineer
Reeta Leither, Data Coordiator
Ysabel Verna, Computer Systems Analyst I
Odella Eunson, Accounting Assistant II
Alys Greiswood, Nurse
Briny Umbert, Professor
Ludwig Pocknell, Editor
Cal Crielly, Senior Editor
Chan Campanelle, Help Desk Technician
Ellsworth Bruffell, Senior Developer
Kessia Mulligan, GIS Technical Architect
Corina Topham, Senior Cost Accountant
Norby Gaskins, Food Chemist
Dore Freeman, Cost Accountant
Martita Frere, Business Systems Development Analyst
Arlee Hutchason, Account Executive
Jenna MacBrearty, Account Coordinator
Cullan Sherrocks, Senior Sales Associate
Rhea Rowlinson, Nurse
Emeline Thaine, Software Test Engineer III
Mallissa Freiberg, Help Desk Technician
Nevile Bales, VP Sales
Viva Pomfrett, Assistant Media Planner
Constantino Jonson, Nurse
Janifer Stockell, Senior Developer
Angelle McNickle, Statistician I
Tybi Galletley, Community Outreach Specialist
Nobie Gwilt, Software Consultant
Noe Waldera, Analog Circuit Design manager
Domingo Deery, Executive Secretary
Natka Lipgens, Food Chemist
Edwin Pietz, Biostatistician III
Virge Buxcey, VP Quality Control
Clevey Ingliby, Quality Control Specialist
Freda Chmiel, Financial Analyst
Franciska Ardley, Internal Auditor
Gretta Shee, Human Resources Manager
Nobie Daws, Paralegal
Sheena McClurg, Paralegal
Elspeth Sherrett, Editor
Wake Kneal, Project Manager
Charline Lewsley, Systems Administrator I
Francesca Woodes, Paralegal
Marianna Emmett, Marketing Assistant
Andrea Giggs, Structural Engineer
Randolf Tracy, Registered Nurse
Fernanda Chateau, Senior Sales Associate
Christiane Picopp, Associate Professor
Atlanta Klempke, Senior Cost Accountant
Annmarie Aers, Geological Engineer
Carolynn Spalding, Assistant Manager
Andris Eckert, Analog Circuit Design manager
Geralda Garter, Account Coordinator
Moll Naptine, Analyst Programmer
Annette Sill, Graphic Designer
Wandie Hundal, Assistant Media Planner
Clemence Maidens, Staff Accountant I
Rex Dymidowski, Senior Developer
Jolyn Steiner, Physical Therapy Assistant
Carmelita Willars, Account Representative III
Siffre Oen, Programmer II
Josie Phaup, Engineer II
Graig Castagnet, Librarian
Marabel Timothy, Senior Developer
Druci Bjerkan, Database Administrator IV
Jamey Facey, GIS Technical Architect
Barbette Daynter, Chemical Engineer
Kaleena Darell, Media Manager III
Turner Sendley, Software Consultant
Gayleen Stenet, Dental Hygienist
Madeleine Aspy, Project Manager
Stirling Haslehurst, VP Sales
Oswell Vasichev, Staff Scientist
Emmett McLorinan, Business Systems Development Analyst
Kaye Ebden, Dental Hygienist
Ailsun Hagstone, Account Coordinator
Murielle Jeffreys, Analog Circuit Design manager
Odetta Dow, Analog Circuit Design manager
Northrop Sherme, Chemical Engineer
Abram Baine, Assistant Media Planner
Hortensia Ivasechko, Executive Secretary
Lynnett Moylane, VP Product Management
Adoree Deverose, Editor
Pryce Sleaford, Paralegal
Parker Benka, Recruiting Manager
Job Barbara, VP Product Management
Jayne Gonthier, Nurse
Ced Dibb, Physical Therapy Assistant
Florinda Verbeek, Help Desk Technician
Jsandye Brissard, Editor
Austine Stallworth, Senior Developer
Darell Labbez, Sales Associate
Darbee Mattingson, Analog Circuit Design manager
Dicky Heinrici, Environmental Specialist
Valentina Baggally, VP Product Management
Melesa Edgson, VP Marketing
Lilly Maith, Teacher
Haze Horder, Recruiting Manager
Bartlet Pettegre, Accountant I
Olvan Lemerle, Accountant II
Desiree Bowditch, Community Outreach Specialist
Gian Cardenas, Quality Engineer
Dorita Galland, Project Manager
Rosanna Antonomoli, Help Desk Technician
Keeley MacKill, Graphic Designer
Lambert Alway, Research Nurse
Shandy Imesen, Analyst Programmer
Dennie Jerrold, Senior Developer
Greg Liverseege, Programmer Analyst II
Cob Gillow, Office Assistant III
Saree Ramsted, Sales Representative
Beatrisa Bullen, Data Coordiator
Rodolfo Garrie, Actuary
Benito Stoak, Cost Accountant
Cortie Boreham, Human Resources Assistant III
Dewain Colmore, Speech Pathologist
Aurthur Batterham, GIS Technical Architect
Leonid Epine, VP Sales
Kayley Polden, Quality Control Specialist
Winnie Skupinski, Actuary
Matthew Steer, Assistant Professor
Drusie Zamorrano, Clinical Specialist
Catherina Bolter, Geologist I
Vonnie Skedgell, Occupational Therapist
Whitney Hawe, Senior Editor
Chickie Vineall, Design Engineer
Moira Aberdeen, Developer II
Teddy Piddlehinton, Media Manager I
Geri Simonnin, Account Representative IV
Jeremias Marquot, Technical Writer
Humbert Lippini, Speech Pathologist
Caesar Cornehl, Legal Assistant
Joscelin MacGinley, Quality Engineer
Annetta Gater, Editor
Zelig Callcott, Research Associate
Georgiana Padillo, Electrical Engineer
Patty Bosanko, Assistant Professor
Ilise Jex, Data Coordiator
Bill Huyge, Environmental Tech
Vale Jachimak, Structural Analysis Engineer
Jennee Call, Actuary
Granger Spragg, Senior Quality Engineer
Poul Ireland, Analog Circuit Design manager
Etta Lomas, Junior Executive
Gardie Braundt, Software Engineer II
Evita Reymers, Sales Representative
Waly Farthin, Help Desk Technician
Hillie Grastye, Media Manager II
Charley Voysey, Marketing Manager
Jojo Pantin, Software Engineer IV
Chaddie Michallat, Professor
Hagen Hawkings, Quality Engineer
Osmund Goldman, Geological Engineer
Willette Heath, Health Coach I
Andriana Gilhouley, Environmental Specialist
Joey Delbergue, Nurse
Hollyanne Kettel, Sales Associate
Arabelle Darley, Operator
Murdoch de la Tremoille, Data Coordiator
Dorry Jenkison, Software Test Engineer II
Lissie Studders, Cost Accountant
Torre Trevallion, Cost Accountant
Greer De Coursey, Mechanical Systems Engineer
Anders Cathie, Senior Developer
Chrysler Roots, Social Worker
Brandy Scrimgeour, Web Designer III
Bekki Crummay, Executive Secretary
Bianca Kindell, Accountant IV
Lola West, Project Manager
Anatola Hext, Quality Control Specialist
Gladi Brandle, Teacher
Eduardo Saldler, Executive Secretary
Adoree Haycroft, Legal Assistant
Vinnie Clampton, Administrative Assistant IV
Mickie Gooke, Project Manager
Nikolas Webermann, Environmental Tech
Trenna Baine, Sales Representative
Yuri Kowalski, Mechanical Systems Engineer
Idalina Leary, Health Coach II
Francoise Keig, Quality Engineer
Roland Vosper, Payment Adjustment Coordinator
Fitzgerald Rew, Research Nurse
Hurleigh Telford, Media Manager III
Aleda Kerswell, Chemical Engineer
Alessandro Waylen, Senior Quality Engineer
Hebert Hawney, Programmer Analyst II
Dyanna Georgi, Cost Accountant
Aluin Blundan, Geological Engineer
Steward Barwick, Product Engineer
Barbie Durbridge, Account Executive
Darrin Goodbanne, Programmer II
Debby Wysome, Environmental Tech
Gladys Endacott, Health Coach IV
Giacobo Merigon, Information Systems Manager
Lucilia Lalonde, Quality Engineer
Petronia McTrustram, Quality Engineer
Jonie Hardson, Senior Cost Accountant
Toddy Gumbley, Design Engineer
Matty Ethersey, Quality Engineer
Kevin Bickmore, Help Desk Technician
Christie MacMaykin, Financial Analyst
Leanor Trosdall, Account Representative II
Enrico Kopfer, Product Engineer
Kettie Pollett, Senior Editor
Calley Guillart, Administrative Officer
Thorndike Bainbridge, Registered Nurse
Chicky Janeway, Programmer Analyst III
Trish Boniface, Civil Engineer
Aubrey Exelby, Developer II
Godwin Cridland, Developer I
Thadeus Tremmil, Accounting Assistant II
Corette Rutty, Editor
Nerte Boxer, Media Manager III
Berri Nickoll, Assistant Media Planner
Urbanus Batten, Research Associate
Kyla Lethbridge, Nurse Practicioner
Burl Jeandet, Research Nurse
Delilah Duesberry, Pharmacist
Randal Rubinovitsch, Nurse
Miof mela McLucky, Structural Engineer
Enrique Kwiek, Health Coach II
Ingrim Gerrish, Assistant Media Planner
Kyle Parcall, Tax Accountant
Mychal Baile, Analog Circuit Design manager
Keenan McShane, GIS Technical Architect
Guenna Klossek, Recruiting Manager
Mimi Farrey, Programmer I
Aland Abell, VP Product Management
Morty Cassey, Developer III
Wolf Cristofvao, Staff Accountant IV
Sarah Foro, Senior Financial Analyst
Kane Lapides, Cost Accountant
Scott Bromige, Internal Auditor
Tomi Lovstrom, Structural Engineer
Hali Molineaux, Senior Cost Accountant
Dilan Edwicker, Information Systems Manager
Wendall Abela, Librarian
Lea Sture, Food Chemist
Osbourn Barts, Geologist IV
Shermie Broomer, Developer III
Witty Marcinkus, Desktop Support Technician
Archibaldo Overnell, Help Desk Operator
Melita Petrol, Business Systems Development Analyst
Alanson Ginnane, Analyst Programmer
Alvis Pigot, Web Developer I
Phoebe Bwy, Budget/Accounting Analyst I
Lorianne Ghelarducci, Human Resources Assistant IV
Brigid Collin, Environmental Tech
Morlee Dericot, Software Consultant
Mead Maryott, Marketing Assistant
Janela Aizkovitch, Marketing Manager
Rozella Thurstan, Editor
Marji Treslove, Staff Accountant I
Alphonse Deighton, Human Resources Manager
Lars Vasovic, Analog Circuit Design manager
Kettie Bleiman, Clinical Specialist
Odie Polin, Financial Advisor
Brittani Hodjetts, Programmer III
Ronny Brounsell, Quality Control Specialist
Carley Stearnes, Registered Nurse
Lowell Skinley, Professor
Eddy Rosendall, Structural Analysis Engineer
Fremont Alywen, Technical Writer
Elka Wickersham, Developer I
Noelani Richings, Geologist IV
Jules Heindl, Analyst Programmer
Lanny Manktelow, Senior Developer
Quincey Gawler, Graphic Designer
Ettore Rosita, VP Marketing
Ivette Doherty, Programmer II
Frank Readett, Senior Cost Accountant
Errol Upcott, Account Executive
Mace Renault, Professor
Olva Abraham, Account Executive
Peadar Cattow, Research Associate
Brod Ianinotti, Account Coordinator
Ole Bindon, Professor
Lonni Gianiello, Accounting Assistant IV
Mitzi Cary, Quality Engineer
Mischa Rouge, VP Accounting
Onofredo Nuzzetti, Internal Auditor
Bartie Itzkovitch, Speech Pathologist
Sharline Unsworth, Media Manager II
Brynne Dollard, Project Manager
Cecile Walwood, Senior Sales Associate
Iain Brobeck, Systems Administrator III
Carley Penhall, Project Manager
Roy Meriott, Sales Representative
Loydie Blincoe, Geological Engineer
Elisha Spencock, Payment Adjustment Coordinator
Had Splain, Legal Assistant
Putnam Hanratty, Developer I
Blaire Adshead, Editor
Astrid Hegley, Associate Professor
Nowell Caldecot, Financial Advisor
Huberto Limb, Teacher
Ingemar Greenstock, Help Desk Operator
Virginia Coopey, Biostatistician III
Crista Dwine, Recruiting Manager
Marcellus Farlane, Recruiting Manager
Morley Gair, Quality Control Specialist
Antoinette Swenson, Chief Design Engineer
Caren Petchey, Senior Quality Engineer
Davida Sifflett, Tax Accountant
Maryjane Jancey, Registered Nurse
Willyt O'Corrigane, Programmer I
Esme Stealy, VP Product Management
Benyamin Cunnah, Information Systems Manager
Costanza Winley, Automation Specialist I
Alden Roja, Quality Control Specialist
Adeline Gribble, Web Designer I
Max Erdis, Occupational Therapist
Lauree Aloshkin, Design Engineer
Lotta Crocumbe, Desktop Support Technician
Flory Comino, Professor
Inessa Shepherd, Sales Representative
Marty Sheen, Nurse Practicioner
Joyous Fenwick, Quality Control Specialist
Tomlin Raiman, Structural Analysis Engineer
Nixie Conquest, Data Coordiator
Krishna Eveleigh, Administrative Officer
Ailis Gadsdon, Senior Cost Accountant
Aurora McGucken, Software Test Engineer IV
Dal Gilberthorpe, Business Systems Development Analyst
Nowell Mettricke, Product Engineer
Milissent Milhench, Senior Quality Engineer
Camile Steely, Media Manager II
Mirelle Klugman, Quality Control Specialist
Arabel Spracklin, Account Executive
Cleavland Fetherstone, Web Designer I
Hube Retchford, Speech Pathologist
Valencia Petru, Compensation Analyst
Sara-ann Vedekhov, Environmental Tech
Heda Kensitt, Account Representative I
Lura Hugnin, Systems Administrator IV
Torey Mogford, Human Resources Assistant I
Hillary Phippin, Database Administrator I
Margarethe Kerman, Senior Quality Engineer
Hoyt Gherardini, Community Outreach Specialist
Austin Vicioso, Quality Engineer
Fawne Liggons, Human Resources Assistant I
Daryn Ferreira, Tax Accountant
Shannon Jollands, Budget/Accounting Analyst I
Sindee Frearson, Software Consultant
Desdemona Dell Casa, Senior Developer
Rem Vasechkin, Financial Analyst
Blisse Blaine, Occupational Therapist
Claudia Eefting, Nurse Practicioner
Buckie Kennagh, Legal Assistant
Duffy Rowlin, Director of Sales
Susie Hurnell, Sales Associate
Ernestine Cleghorn, Analog Circuit Design manager
Skipp Canham, Statistician II
Lewiss Bassill, Tax Accountant
Mathilde Yakunchikov, Registered Nurse
Sydney Rozalski, Analyst Programmer
Abba Ruperto, Speech Pathologist
Pauletta Wolfinger, Programmer Analyst III
Farrah Gounel, Budget/Accounting Analyst II
Findlay Doogood, Librarian
Polly Schultze, VP Quality Control
Brandon Morant, Nuclear Power Engineer
Mersey Rugiero, Assistant Manager
Cornelle Rowena, VP Marketing
Waylon Stoves, Librarian
Kevyn Hercules, Data Coordiator
Alvy Slimm, Physical Therapy Assistant
Johnnie Le Sarr, Financial Analyst
Maxim Osanne, Speech Pathologist
Kiri Pizzey, Community Outreach Specialist
Avivah Greally, Research Assistant III
Foss Cuncliffe, Nurse
Octavia Hemmingway, Software Test Engineer III
Virgil Stratford, Payment Adjustment Coordinator
Wilona Stichel, Speech Pathologist
Wolfgang Killelea, Marketing Manager
Cash Ianetti, Database Administrator I
Donielle Hollingby, VP Accounting
Alano Goodreid, Registered Nurse
Minda Bethune, Office Assistant III
Tremaine Sandes, Social Worker
Dale Blowing, Chemical Engineer
Marguerite Wapples, Budget/Accounting Analyst II
Florie Bhar, Information Systems Manager
Osmond Keneleyside, VP Sales
Grayce McCraw, Programmer III
Ramsay Cutmere, Marketing Assistant
Giana Curtain, Physical Therapy Assistant
Kaylee Klesse, Civil Engineer
Adlai Kernell, Teacher
Dido Norfolk, Executive Secretary
Calley Thunnerclef, Desktop Support Technician
Vidovik Colwill, Programmer IV
Samaria Harrop, Sales Representative
Mattie Cesco, Registered Nurse
Felicdad Videneev, Engineer IV
Flo Audas, Teacher
Rozelle Cummings, VP Quality Control
Gothart Wennington, Safety Technician II
Briant Wyne, Safety Technician II
Ferne Ollivierre, Automation Specialist I
Alley Leehane, Project Manager
Tiffanie Trigwell, Account Representative II
Ingelbert Panther, Editor
Aldrich Axelby, Web Developer II
Brenda Heater, VP Accounting
Karin Haibel, Clinical Specialist
Alric Sate, Media Manager II
Kelsi Tinn, Chief Design Engineer
Ezechiel Vest, Account Executive
Blinnie Teague, Web Designer IV
Gabie Tomankowski, Human Resources Manager
Christiano Swaton, Engineer IV
Eugine Sleford, Associate Professor
Adham Hevner, Staff Scientist
Elwood Winpenny, Geological Engineer
Gaylord Halburton, Staff Scientist
Hyacintha Venners, Programmer Analyst IV
Rockey Stirling, Marketing Manager
Zachery Kalaher, Statistician III
Odey Hesser, Biostatistician IV
Trula Couttes, Technical Writer
Alissa Binden, Database Administrator II
Imojean Lagen, Dental Hygienist
Kimmi Briars, Payment Adjustment Coordinator
Laraine Duffie, Information Systems Manager
Arne Rackam, Accountant III
Powell Kohn, VP Accounting
Stevie Waddicor, Developer II
Orelle Duckers, Assistant Manager
Ferrel Danton, Cost Accountant
Smitty Hancox, Food Chemist
Anita Saltmarsh, Executive Secretary
Barbabas Steptowe, Analyst Programmer
Leonore Diprose, Database Administrator IV
Ange Feathers, Technical Writer
Alain Matschek, Financial Analyst
Goraud Spurman, Structural Engineer
Gabby Francklin, Executive Secretary
Vic Craine, Senior Quality Engineer
Gerri Cockroft, Research Nurse
Giuseppe Christley, Quality Control Specialist
Ezmeralda Ege, Speech Pathologist
Garrik Willmett, Mechanical Systems Engineer
Rosalinda Andrich, Safety Technician IV
Georgia Hawkings, Analog Circuit Design manager
Benedicto McPhilip, Nurse Practicioner
Tonie Miskimmon, Assistant Professor
Berkly Meadowcraft, Product Engineer
Dorotea Greenhowe, Recruiter
Rania Fancett, Paralegal
Maxie Fallon, Pharmacist
Aluino Careswell, Safety Technician III
Orsa Owain, Compensation Analyst
Harmon Everest, Geologist II
Hynda Durie, VP Marketing
Miguelita Van Cassel, Assistant Professor
Pablo Waitland, Legal Assistant
Ava Grief, Office Assistant II
Krissy Wogdon, Account Representative IV
Pyotr Snelle, Analyst Programmer
Babbie Shires, Information Systems Manager
Milt Hartwell, Electrical Engineer
Eloise Jekyll, Geologist IV
Ula Bunny, Registered Nurse
Nikola Domini, Social Worker
Querida Yitshak, Accountant II
Portia Widdows, Legal Assistant
Kipper McLauchlin, Account Representative IV
Abby Rembrant, Recruiter
Dorri Tattam, Web Developer IV
Evangelina Quinn, Geologist II
Florenza Carrack, Business Systems Development Analyst
Archer Harner, VP Accounting
Peder Pollicote, Staff Accountant I
Mickie Hardington, Chief Design Engineer
Clemmy Rolinson, Database Administrator I
Elaine Rothera, Research Assistant I
Corty Bengtsson, Statistician I
Maxie MacDuffie, VP Quality Control
Waly Vowells, Administrative Assistant III
See Priest, Nurse
Merrel Texton, Web Designer I
Kass Moodie, Financial Advisor
Zacharias Duns, Statistician III
Curt Inglish, Structural Analysis Engineer
Creigh Manjin, Senior Financial Analyst
Jacqui Mintrim, Compensation Analyst
Everard Linkin, VP Accounting
Ibrahim Maslen, Junior Executive
Reinwald Athridge, Account Executive
Rochelle Roaf, Accountant II
Berget Pashan, Recruiter
Augustine Billham, Computer Systems Analyst II
Nyssa Danford, Environmental Specialist
Sly Bravery, Associate Professor
Sapphire Lowman, Compensation Analyst
Siward Bridgeman, Social Worker
Rosalinda Benettini, Librarian
Deedee Morgon, Administrative Officer
Michal Wise, Staff Scientist
Rance Banstead, Account Coordinator
Arv Mixhel, Assistant Professor
Elisabeth Lammert, VP Marketing
Mathian Sacchetti, Information Systems Manager
Rickert Lightwood, Junior Executive
Christean Como, Health Coach IV
Felice Totman, Biostatistician IV
Teirtza McConachie, Staff Accountant II
Hugh Philott, Actuary
Lucky Bedding, Senior Editor
Alphard Gillean, Community Outreach Specialist
Amitie Salazar, Graphic Designer
Tandie McGeorge, Tax Accountant
Brunhilda Parnby, Graphic Designer
Bil Taber, Developer IV
Fidelio Lethibridge, Automation Specialist IV
Normand Birtwhistle, Nuclear Power Engineer
Mattheus Swinfon, VP Sales
Maison Oventon, Desktop Support Technician
Wait Hannen, Sales Representative
Minnnie Philipart, Computer Systems Analyst I
Siana Pullin, Data Coordiator
Magdalena Onthank, Social Worker
Alonzo Layhe, Safety Technician IV
Sophia De Malchar, Operator
Yancy Boote, Budget/Accounting Analyst I
Jefferson Di Pietro, Social Worker
Sebastian Pearmine, Senior Quality Engineer
Inness Roglieri, Data Coordiator
Essy Barrim, Recruiting Manager
Waite Casol, Clinical Specialist
Maible Lattey, Senior Cost Accountant
Cullin Baggaley, Developer II
Jorrie Giorio, Quality Engineer
Dalila Harken, Automation Specialist IV
Gabbi Grzeszczak, Clinical Specialist
Katusha Rylett, Paralegal
Victor McGeever, Assistant Media Planner
Adriana Garlick, Senior Quality Engineer
Douglas Hinkens, Business Systems Development Analyst
Bruce Hillan, Librarian
Tonye McMarquis, Chief Design Engineer
Nolly Baggelley, Librarian
Justin McClune, Product Engineer
Chiarra Frosdick, Software Consultant
Karil Longcake, Mechanical Systems Engineer
Ailyn Sykes, Software Test Engineer III
Janka Farragher, Teacher
Carroll Schoffler, Occupational Therapist
Gian Parsons, Project Manager
Lorne Faughey, Media Manager I
Gray Dimitru, Actuary
Leisha Coomer, Librarian
Inge Danelet, Computer Systems Analyst IV
Vittorio Flode, Professor
Hercules Murkitt, Research Associate
Rory Lenchenko, Internal Auditor
Hermine Topham, Chief Design Engineer
Pasquale Yeatman, Budget/Accounting Analyst III
Nertie Elph, Structural Analysis Engineer
Wilona Iverson, Programmer IV
Kelila Pigott, Account Representative III
Ginnie Blennerhassett, Geologist III
Priscella Marquot, Product Engineer
Wolfie Silbersak, Director of Sales
Celle Cowern, Assistant Professor
Shanan Geratt, Database Administrator IV
Skylar Pessler, Staff Accountant II
Mischa Crann, Geological Engineer
Daisy Villa, Associate Professor
Philly Chatterton, Assistant Media Planner
Winona Riggoll, Systems Administrator II
Ailene Espinazo, Staff Accountant IV
Randie Argent, Research Nurse
Marcellus Paxton, Account Coordinator
Claybourne Krop, Structural Analysis Engineer
Rollin Bauduccio, Accountant I
Jamill Klesse, VP Sales
Waverly Harfleet, Help Desk Technician
Adore Axten, Recruiting Manager
Lennard Thaw, Human Resources Manager
Perrine Catley, Health Coach II
Beatrix Streight, Data Coordiator
Jard Headly, Design Engineer
Jordain Lantry, Senior Developer
Lynn Inglish, Staff Scientist
Barbie Paaso, Research Assistant I
Marietta Duckerin, Nurse
Courtnay Playford, Director of Sales
Aharon Rubrow, Senior Quality Engineer
Trent Prew, Project Manager
Zita Wipfler, Safety Technician II
Hillary Kingzet, Associate Professor
Gaylor Liddel, Media Manager IV
Pippa Reaney, Staff Accountant I
Rudie MacElane, Budget/Accounting Analyst II
Andee Turnell, Teacher
Dieter Heindrick, Paralegal
Raynell McAusland, Engineer III
Miranda Drydale, Professor
Alberta Triplett, Office Assistant IV
Bancroft De Domenici, Accounting Assistant IV
Roldan Vaudre, Associate Professor
Thain Robshaw, Paralegal
Augustin Abdy, Research Assistant III
Katharine Nary, Legal Assistant
Stevie Shackel, Senior Cost Accountant
Malanie Sisneros, Speech Pathologist
Blake O' Cuolahan, Database Administrator I
Hewie Olle, Chief Design Engineer
Melicent Dellar, Human Resources Assistant III
Lanie Joburn, Executive Secretary
Suzanna Dominguez, Director of Sales
Marget De Angelo, Budget/Accounting Analyst II
Stillman Frape, Accountant II
Bettina Sharrocks, Actuary
Ronny Jennaway, VP Marketing
Alidia Mandrier, Senior Quality Engineer
Lisha Oosthout de Vree, Systems Administrator I
Cherilynn Neubigging, Data Coordiator
Korey Grimstead, Senior Cost Accountant
Sheilah Clarey, Recruiter
Abie Tunnick, Electrical Engineer
Daffie Avrahamian, Senior Developer
Jarib Girsch, Chief Design Engineer
Kori Donovin, Nuclear Power Engineer
Mayer Heugle, Compensation Analyst
Mair Gorger, GIS Technical Architect
Darelle Bunney, Recruiting Manager
Calley Deme, Senior Editor
Janith Yegoshin, Speech Pathologist
Robinet Binny, Dental Hygienist
Filip Ledgerton, Database Administrator II
Elissa Callaby, Assistant Professor
Fawn Alldred, Programmer Analyst III
Calla Managh, Computer Systems Analyst IV
Muffin Jira, Sales Associate
Maridel Cleary, Tax Accountant
Jennica Teape, Physical Therapy Assistant
Osborne Myerscough, Account Representative II
Sammy Crosskell, Developer IV
Broderick Hundy, Desktop Support Technician
Price Rizzelli, Community Outreach Specialist
Clive Koubek, Financial Analyst
Salaidh Forster, Office Assistant II
Creigh Wackley, Analog Circuit Design manager
Bayard Kestle, Software Engineer IV
Luz Wandtke, Account Executive
Tina Dumberrill, Quality Control Specialist
Virgina Huglin, Biostatistician I
Charles Grint, Librarian
Wolfgang Stear, Graphic Designer
Geri Johann, Environmental Tech
Frederick Attac, Executive Secretary
Armando Crewther, Pharmacist
Broddie Castellani, Assistant Manager
Merwin Riggoll, Sales Associate
Lesley Pusill, Structural Engineer
Atlanta Gott, Tax Accountant
Hendrik Ickowics, Senior Sales Associate
Adriaens Charlo, Quality Control Specialist
Miquela Ewens, Senior Editor
Somerset Bonick, Accounting Assistant II
Merola Tilling, Web Designer IV
Tomi Weadick, General Manager
Vasilis Latchmore, Human Resources Manager
Randolph Ekell, Nuclear Power Engineer
Gabriel Deppe, Electrical Engineer
Jaine Haxby, Marketing Assistant
Ora Lacelett, Design Engineer
Alexi Carlile, Media Manager I
Gaby Chippendale, Senior Sales Associate
Quillan Agneau, Product Engineer
Jessee Wyld, Human Resources Assistant IV
Gayle Spafford, Administrative Assistant IV
Reine Espasa, Nuclear Power Engineer
Yvor Lydden, Accountant III
Selinda MacGillreich, Statistician IV
Carlota Kobes, Business Systems Development Analyst
Ferd Grix, Developer III
Florry Brownsmith, Chemical Engineer
Roselin Kelberer, Speech Pathologist
Dorena Sarjent, VP Accounting
Jaime Snoxill, Marketing Manager
Martica Winfindine, Media Manager II
Joleen Bottlestone, Financial Analyst
Tracey Laraway, Geological Engineer
Charley Richard, VP Product Management
Paddy Gilks, VP Accounting
Walliw Brierley, Chemical Engineer
Hobey Whatsize, Senior Sales Associate
Ira Gwinnell, Database Administrator II
Dolley Wimpenny, Dental Hygienist
Estella Tree, Legal Assistant
Dareen Caldow, VP Marketing
Mareah Rulf, Pharmacist
Ambros Lello, Staff Scientist
Monica Jeanin, Administrative Assistant I
Floria Pasterfield, Human Resources Manager
Gregorius Caselick, Research Assistant IV
Keelby Dary, Media Manager II
Dody Peddar, Biostatistician IV
Jennie Sparkwill, Junior Executive
Nettie Counter, Executive Secretary
Panchito Tubb, Senior Developer
Candy Beggi, Help Desk Technician
Melessa Lille, Human Resources Assistant II
Clayborne Grasha, Speech Pathologist
Robbie Alvaro, VP Accounting
Katrine Leschelle, Senior Quality Engineer
Feodor Rodda, Marketing Assistant
Cody Chieco, Compensation Analyst
Brenn Behnecken, VP Marketing
Scot Cheale, Physical Therapy Assistant
Seumas Medgewick, Internal Auditor
Dorothee Claisse, Help Desk Technician
Rudy Osmond, Desktop Support Technician
Hedda Kayes, Paralegal
Matty Hiscocks, Engineer III
Bethina Clapshaw, Technical Writer
Jaquenetta Stowe, Account Representative II
Loria Attrie, Senior Financial Analyst
Nicky Glandfield, Professor
Roldan Onge, Software Engineer III
Virginia Don, Assistant Manager
Norah Habens, Paralegal
Colly Brakewell, Assistant Manager
Nonie Van Geffen, Help Desk Operator
Jeanine Rayworth, Structural Analysis Engineer
Idalina Fisby, Business Systems Development Analyst
Fionna Merfin, Associate Professor
Hasty Tanswell, VP Product Management
Johnath Kaley, Analog Circuit Design manager
Michele Wogden, Database Administrator III
Had Clynter, Recruiting Manager
Gracie Boatswain, Analyst Programmer
Filippa Ryves, Dental Hygienist
Lexy Lorenzini, Budget/Accounting Analyst II
Ciro Lanston, Dental Hygienist
Chrissy Lowrie, Payment Adjustment Coordinator
Brit Gownge, Technical Writer
Skelly Hartman, Systems Administrator III
Raddy Veracruysse, Safety Technician III
Binni Rigeby, Community Outreach Specialist
Avrom Lemanu, Financial Analyst
Cynthy Kleingrub, Software Engineer I
Bennie Falvey, Quality Engineer
Nikolaos O'Halligan, Internal Auditor
Dorelia Deegin, Database Administrator I
Hilly Stefi, Assistant Manager
Barnie Rotge, Tax Accountant
Jada Clementucci, Chief Design Engineer
Efrem Appleton, Office Assistant I
Eyde Reyna, Chief Design Engineer
Jens Mulran, Financial Analyst
Morissa McNevin, Nuclear Power Engineer
Bessy Sheivels, Marketing Assistant
De Vanezis, Quality Control Specialist
Pauletta MacSorley, Cost Accountant
Serge Oventon, Mechanical Systems Engineer
Lorena Naldrett, Senior Cost Accountant
Hedda Hablot, Office Assistant I
Eugenia Pusill, Cost Accountant
Marty Muslim, Help Desk Technician
Tania Fireman, Occupational Therapist
Corey Getty, Safety Technician IV
Park Pringour, Accountant I
Marlyn Kesten, Assistant Manager
Terrijo Jauncey, Junior Executive
June Currier, Assistant Manager
Antonio Andras, Project Manager
Rene Lancley, Tax Accountant
Dulcy Harry, Recruiting Manager
Eadith Paoletto, Marketing Manager
Corilla Davidzon, VP Quality Control
Aurea Cornil, Marketing Manager
Ches Mullaly, Human Resources Assistant II
Gael Chelsom, Systems Administrator IV
Elly Klasen, Human Resources Assistant IV
Dita Swinburn, Software Test Engineer I
Yevette Gittings, Data Coordiator
Nata Brinkman, Human Resources Assistant II
Carlye Matthieson, Electrical Engineer
Orville Cossom, Paralegal
Candra Moncreiffe, Developer III
Silvano Lighterness, Accountant IV
Chere Lanceley, Software Engineer IV
Leda Itter, Staff Scientist
Shelby Jerzak, Chief Design Engineer
Jacinthe Tomes, Paralegal
Shara Give, Data Coordiator
Gertrud Ormonde, Professor
Cleveland Inott, Senior Sales Associate
Babette Pacher, VP Accounting
Whitby Martonfi, Paralegal
Hayley Collington, Financial Advisor
Coraline Eivers, Data Coordiator
Randa Eighteen, Nuclear Power Engineer
Susanna Demer, Mechanical Systems Engineer
Victoria Tivenan, Teacher
Starr Henker, Account Coordinator
Martynne Bentzen, Media Manager III
Hobart Caneo, Financial Advisor
Bronson Osman, Nurse
Lucias Galliard, Help Desk Technician
Bev Bagge, Budget/Accounting Analyst IV
Arlana Duckett, Research Assistant II
Angela Heberden, Information Systems Manager
Newton Frichley, Chief Design Engineer
Haily Wixey, Social Worker
Sisile Gambles, Actuary
Sigismondo Rutter, GIS Technical Architect
Damara Murford, Compensation Analyst
Noah Cunney, Clinical Specialist
Tadeas Schwand, Operator
Bing Dunston, Electrical Engineer
Shannon de Savery, Human Resources Manager
Emlynne Hexum, Geologist IV
Farlee Bulford, Administrative Officer
Ianthe Adamou, Account Executive
Timmy Swanton, Dental Hygienist
Micaela Dyment, Mechanical Systems Engineer
Cloe Shimon, Help Desk Operator
Ann Wainer, Tax Accountant
Chevalier Whillock, Help Desk Operator
Paulina Knee, Nurse
Marchall Compfort, Quality Control Specialist
Drucie Cream, Civil Engineer
Portie Romaines, Health Coach I
Dinah Collings, Geologist I
Knox Beller, Electrical Engineer
Kevon Worcs, Geological Engineer
Mauricio Hubberstey, Social Worker
Collin Kaszper, Marketing Manager
Gloria Sinclaire, Clinical Specialist
Adelle Eskrick, Staff Accountant I
Pierette Rustadge, Budget/Accounting Analyst III
Leanna Yeskov, Recruiter
Avrit Willment, Payment Adjustment Coordinator
Breanne McCrie, Nurse
Chadd Hue, Account Executive
Debor Verrick, Help Desk Operator
Ronni Possa, Marketing Assistant
Gail Curling, Help Desk Operator
Rodolphe Cox, Community Outreach Specialist
Yurik Hamel, Mechanical Systems Engineer
Fancie Haydney, Junior Executive
Liliane Priel, Nuclear Power Engineer
Tirrell Conradie, Nuclear Power Engineer
Odelia Gunstone, Software Test Engineer II
Ody Dadd, Help Desk Operator
Garik Sweating, Staff Scientist
Araldo Gravett, Paralegal
Tuckie Rous, Social Worker
Rory Leggon, Nurse Practicioner
Haley Woodhouse, Marketing Assistant
Pia Fritchley, Marketing Assistant
Tyrus Scragg, Biostatistician II
Pierce Dadds, Registered Nurse
Noelyn Coram, Research Assistant IV
Ferguson Mollatt, Computer Systems Analyst III
Charley Gurling, Librarian
Othello Huzzay, Systems Administrator II
Olivero Pegden, Systems Administrator III
Malchy Josephsen, Financial Advisor
Marcie Connal, Geologist I
Hart Accomb, Account Representative II
Gracia Bulfoot, Systems Administrator I
Jillana Welbelove, Project Manager
Cris Caban, Senior Financial Analyst
Nelson Moyler, Business Systems Development Analyst
Jameson Selvey, Sales Associate
Vinnie Laye, Sales Representative
Baryram Brothwood, Librarian
Amalee Boulder, Director of Sales
Trudy Bertwistle, Information Systems Manager
Charissa Bricknell, Physical Therapy Assistant
Enrika Tirone, Operator
Tiebout Daveley, Research Nurse
Granthem McNay, Geological Engineer
Adena Palluschek, Information Systems Manager
Evie Punyer, Civil Engineer
Jaynell Otterwell, VP Accounting
Adaline Gladdolph, Health Coach III
Auguste Moulster, Financial Advisor
Kaile Guillem, Software Engineer IV
Thaxter Buckthought, Automation Specialist III
Sondra Oda, Mechanical Systems Engineer
Brett Buzzing, Accounting Assistant II
Sloan Thorndale, Graphic Designer
Roldan Jiggens, Junior Executive
Alvera Key, Administrative Assistant IV
Korney Strowthers, Analyst Programmer
Marlo Brownett, Systems Administrator IV
Orlando Cornforth, Compensation Analyst
Fanya Martensen, Programmer IV
Natka Gransden, Director of Sales
Jacynth Drinkhill, Librarian
Gena Duddle, Community Outreach Specialist
Jenny Prinett, Compensation Analyst
Serge Robilliard, VP Marketing
Milly Risso, Marketing Manager
Torre Gorstidge, Dental Hygienist
Heriberto Creggan, Senior Developer
Dulsea Allott, Analyst Programmer
Gardy Durante, Mechanical Systems Engineer
Pavlov Hirschmann, Director of Sales
Hettie Jeandeau, Environmental Specialist
Bernie Berns, Recruiting Manager
Rozele Kearley, Account Coordinator
Sosanna Codi, Budget/Accounting Analyst IV
Eugenio Arthey, Sales Representative
Charlean Lorence, Actuary
Mavis Gresswood, Nuclear Power Engineer
Jammie Halgarth, Human Resources Assistant I
Pauline Hynd, Health Coach I
Robenia Daulton, Assistant Manager
Adelbert Vanetti, Electrical Engineer
Cletis Heasly, Occupational Therapist
Agathe Joysey, Cost Accountant
Boot Orgen, Graphic Designer
Pren Tremontana, Health Coach IV
Lilia Benka, Account Executive
Zitella Duesberry, Compensation Analyst
Verney Crutch, Legal Assistant
Brocky Breitler, Junior Executive
Noll Moine, Software Engineer II
Brook Cowl, Senior Editor
Iona Strettell, Product Engineer
Gaspard Rumke, Actuary
Friedrich Rizzelli, Graphic Designer
Leilah Levison, Occupational Therapist
Danella Learoyd, Community Outreach Specialist
Sharyl Colleck, Biostatistician I
Kevina Dowty, VP Quality Control
Ofelia Bambrugh, Human Resources Manager
Danyelle Baribal, Geologist II
Tim Newart, Clinical Specialist
Page Dell, Research Nurse
Reeta Matyatin, Project Manager
Mariya McKeurtan, Software Test Engineer IV
Guilbert Spikeings, Software Test Engineer IV
Buckie Jovovic, Desktop Support Technician
Demeter Iacapucci, Assistant Manager
